/*
Navicat MySQL Data Transfer

Source Server         : FanYingMing
Source Server Version : 50018
Source Host           : localhost:3306
Source Database       : csbookstore

Target Server Type    : MYSQL
Target Server Version : 50018
File Encoding         : 65001

Date: 2012-09-05 20:36:49
*/

SET FOREIGN_KEY_CHECKS=0;

-- ----------------------------
-- Table structure for `tb_administrator`
-- ----------------------------
DROP TABLE IF EXISTS `tb_administrator`;
CREATE TABLE `tb_administrator` (
  `administrator_id` int(20) NOT NULL auto_increment,
  `administrator_name` varchar(20) NOT NULL,
  `administrator_pass` varchar(20) NOT NULL,
  `administrator_mail` varchar(20) default NULL,
  PRIMARY KEY  (`administrator_id`)
) ENGINE=InnoDB DEFAULT CHARSET=utf8;

-- ----------------------------
-- Records of tb_administrator
-- ----------------------------
INSERT INTO `tb_administrator` VALUES ('4', 'meng', '123', 'meng@pku.edu.cn');
INSERT INTO `tb_administrator` VALUES ('5', 'xiangliang', '123456', 'xiangliang@163.com');
INSERT INTO `tb_administrator` VALUES ('6', 'xiaozhao', '123456', 'xiaozhao@imu.edu.cn');
INSERT INTO `tb_administrator` VALUES ('8', 'admin', 'admin', 'admin1@fan.com');
INSERT INTO `tb_administrator` VALUES ('9', 'fym0512', 'fym0512', '123@foxmail.com');

-- ----------------------------
-- Table structure for `tb_book`
-- ----------------------------
DROP TABLE IF EXISTS `tb_book`;
CREATE TABLE `tb_book` (
  `book_id` int(20) NOT NULL auto_increment,
  `book_name` varchar(50) NOT NULL,
  `book_author` varchar(50) default NULL,
  `book_press` varchar(50) default NULL,
  `book_describtion` varchar(250) default NULL,
  `book_price` double(20,1) default NULL,
  `book_locationName` varchar(50) default NULL,
  `book_number` tinyint(20) default NULL,
  `book_classID` int(20) default NULL,
  `book_saleNum` int(20) default '0',
  PRIMARY KEY  (`book_id`),
  KEY `book_class_id` (`book_classID`),
  CONSTRAINT `book_class_id` FOREIGN KEY (`book_classID`) REFERENCES `tb_bookclass` (`class_id`) ON DELETE CASCADE ON UPDATE CASCADE
) ENGINE=InnoDB DEFAULT CHARSET=utf8 COMMENT='InnoDB free: 3072 kB; (`book_classID`) REFER `csbookstore/tb';

-- ----------------------------
-- Records of tb_book
-- ----------------------------
INSERT INTO `tb_book` VALUES ('1', '藏地密码', '何马', '重庆出版社', '迄今为止唯一一部追寻藏传佛教及西藏千年隐秘历史真相的探险巨著。', '55.0', '1346115938498.jpg', '17', '5', '0');
INSERT INTO `tb_book` VALUES ('2', '瞧这群俏Y头', '无名', '牛X出版社', '好小说啊  真好看啊', '58.0', '1346116088416.jpg', '14', '4', '0');
INSERT INTO `tb_book` VALUES ('3', '安徒生图画', '安徒生（石琴娥译 ）', '中国画报出版社', '童话是一个令人神往又充满奇异色彩的世界。在这里一切都有了灵性，花瓣上睡着可爱的玫瑰花精灵、森林里住着挥舞魔棒的小天使、海底里沉睡着的美人鱼、草原上生活着的百合姑娘……各种鸟儿、动物、植物都会说话，都会表达情感。', '99.0', '1346116294852.jpg', '23', '1', '0');
INSERT INTO `tb_book` VALUES ('4', '伴随一生的家常菜', '无名', 'XX出版社', '各种美食 垂涎欲滴', '59.0', '1346118987713.jpg', '23', '9', '0');
INSERT INTO `tb_book` VALUES ('5', '西方校勘学论著选', '无名', '西方出版社', '经典书啊  好书', '59.0', '1346119090513.jpg', '22', '8', '0');
INSERT INTO `tb_book` VALUES ('6', '幸福的小土豆', '无名', '儿童出版社', '读了此书 给你一个快乐的童年', '56.0', '1346119176407.jpg', '24', '2', '0');
INSERT INTO `tb_book` VALUES ('7', '好妈妈', '无名', '教育出版社', '做一个好妈妈 你需要它', '87.0', '1346119244596.jpg', '12', '10', '0');
INSERT INTO `tb_book` VALUES ('8', '人人都是产品经理', '无名', '北京出版社', '瞎写点啥嘛', '69.0', '1346119359251.jpg', '12', '10', '0');
INSERT INTO `tb_book` VALUES ('9', '学日语', '无名', '教育出版社', '快速学日语', '88.0', '1346119423315.jpg', '23', '1', '0');
INSERT INTO `tb_book` VALUES ('10', '初恋爱', '九夜', 'XX出版社', '挺好看的小说', '99.0', '1346119509641.jpg', '88', '4', '0');
INSERT INTO `tb_book` VALUES ('12', '盗墓笔记', '南派三叔', '上海文化出版社', '《盗墓笔记》是南派三叔所著的盗墓题材小说，首发于起点中文网。《盗墓笔记捌：大结局（上、下）》于2011年12月19日上市，至此《盗墓笔记》系列完结，共出版实体书九本。《盗墓笔记》大结局是千万粉丝期待5年之久的“结局”.', '89.0', '1346120420389.jpg', '12', '5', '0');
INSERT INTO `tb_book` VALUES ('13', '安徒生童话', '安徒生', '中国出版社', '美丽的童话世界等着你', '99.0', '1346120476613.jpg', '56', '2', '0');
INSERT INTO `tb_book` VALUES ('14', '藏獒', '无名', '山东出版社', '专业养藏獒指导全书', '58.0', '1346120598768.jpg', '45', '9', '0');
INSERT INTO `tb_book` VALUES ('15', '藏獒3', '无名', '山东出版社', '专业指导养藏獒', '56.0', '1346142835439.jpg', '24', '9', '0');
INSERT INTO `tb_book` VALUES ('16', '邮票精选合集', '大胖', '中国邮电出版社', '收藏历史上千种邮票各种绝版邮票', '89.0', '1346120779699.jpg', '23', '9', '0');
INSERT INTO `tb_book` VALUES ('17', '微表情', '张某某', '中国出版社', '微表情 如何识别他人脸面真假', '89.0', '1346120848731.jpg', '56', '1', '0');
INSERT INTO `tb_book` VALUES ('18', '我和蒲公英一起飞', '张三', '青岛出版社', '儿童读物的好书啊', '99.0', '1346120918244.jpg', '56', '2', '0');
INSERT INTO `tb_book` VALUES ('19', '故乡面和花朵', '刘XX', '内蒙古出版社', '看一看吧', '99.0', '1346120985262.jpg', '56', '1', '0');
INSERT INTO `tb_book` VALUES ('20', '上市公司', '王XX', '中国出版社', '商标剥离决策研究', '99.0', '1346121048958.jpg', '23', '7', '0');
INSERT INTO `tb_book` VALUES ('21', '神探韩峰', '王五', '中国出版社', '各种推测 值得一看', '123.0', '1346121127849.jpg', '52', '4', '0');
INSERT INTO `tb_book` VALUES ('22', '文怡精选家常菜', '文怡', '中国出版社', '收藏上千种经典家常菜', '88.0', '1346121229125.jpg', '56', '9', '0');
INSERT INTO `tb_book` VALUES ('23', '一个人旅行', '李四', '内蒙古出版社', '旅行必备书籍', '99.0', '1346121334988.jpg', '56', '1', '0');
INSERT INTO `tb_book` VALUES ('24', '食品转基因', '无名', '无名出版社', '哈哈哈哈哈哈哈哈哈哈哈哈哈哈哈哈哈哈哈哈', '55.0', '1346121394581.jpg', '32', '9', '0');
INSERT INTO `tb_book` VALUES ('25', '惊天奇案', '张二', '张二出版社', '收录历史以来上千奇案', '55.0', '1346121448636.jpg', '12', '8', '0');
INSERT INTO `tb_book` VALUES ('26', '无名', '无名', '无名出版社', '都是浮云', '58.0', '1346121508963.jpg', '22', '4', '0');
INSERT INTO `tb_book` VALUES ('27', '匆匆那年', '小胖', '小胖子出版社', '匆匆那年 可曾记忆', '88.0', '1346121556170.jpg', '54', '6', '0');
INSERT INTO `tb_book` VALUES ('28', '北京大妞贫嘴爱情', '北京大妞', '北京出版社', '北京大妞的爱情故事 情结跌宕起伏', '99.0', '1346121630599.jpg', '54', '4', '0');
INSERT INTO `tb_book` VALUES ('29', '大人的涂绘', '哈哈', '中国出版社', '大人的涂绘 亮瞎你的双眼', '89.0', '1346121730549.jpg', '23', '9', '0');
INSERT INTO `tb_book` VALUES ('30', '人性的弱点', '王麻子', '王家出版社', '王麻子开山之作啊', '89.0', '1346121792638.jpg', '54', '9', '0');
INSERT INTO `tb_book` VALUES ('31', '三国志', '王某某', '中国出版社', '地地道道的三国志啊', '84.0', '1346121854213.jpg', '56', '3', '0');
INSERT INTO `tb_book` VALUES ('32', '一句顶一万句', '刘震云', '长江文艺出版社', '茅盾文学奖获奖作品', '25.0', '1346122256504.jpg', '10', '3', '0');
INSERT INTO `tb_book` VALUES ('33', '安徒生童话', '安徒生', '北京儿童出版社', '陪你度过一个美好的童年！', '35.0', '1346122346638.jpg', '10', '2', '0');
INSERT INTO `tb_book` VALUES ('34', '藏地密码1', '何马', '重庆出版社', '世界上迄今为止唯一一部追寻藏传佛教及西藏千年隐秘历史真相的探险巨著。', '30.0', '1346122475411.jpg', '10', '4', '0');
INSERT INTO `tb_book` VALUES ('35', '十万个为什么', '伊林', '中国青年出版社', '这套“儿童成长第1书”给爱孩子的您提供了不容错过的好选择19个小系列共42册的完整知识体系，涵盖了孩子心智健康发育成长的各个方面。', '28.0', '1346122606400.jpg', '15', '3', '0');
INSERT INTO `tb_book` VALUES ('36', '盗墓笔记4', '南派三叔', '中国友谊出版社', '南派三叔的小说，不解释！', '32.8', '1346122815727.jpg', '20', '5', '0');
INSERT INTO `tb_book` VALUES ('37', '罗马帝国衰亡史', '爱德华·吉本', '中国青年出版社', '历史恢弘的罗马史诗。', '88.0', '1346123384024.jpg', '10', '8', '0');
INSERT INTO `tb_book` VALUES ('38', '中层五项修炼', '周仙', '内蒙古大学出版社', '中层必修！', '32.0', '1346123492977.jpg', '10', '9', '0');
INSERT INTO `tb_book` VALUES ('39', '美猫日记', '杨红缨', '中国儿童出版社', '孩子们的秘密乐园。', '88.0', '1346123572273.jpg', '15', '2', '0');
INSERT INTO `tb_book` VALUES ('40', '福尔摩斯全集', '亚瑟·柯南·道尔', '上海文艺出版总社', '《福尔摩斯全集》可谓是开辟了侦探小说历史“黄金时代”的不朽经典福尔摩斯小说，一百多年来被译成57种文字，风靡全世界，是历史上最受读者推崇，绝对不能错过的侦探小说。', '180.0', '1346123676008.jpg', '15', '11', '0');
INSERT INTO `tb_book` VALUES ('41', '好妈妈胜过好老师', '尹建莉', '北京作家出版社', '《好妈妈胜过好老师》是教育专家尹建莉的教子手记。', '28.0', '1346123827072.jpg', '15', '9', '0');
INSERT INTO `tb_book` VALUES ('43', '饥饿游戏', '苏珊·柯林斯', '内蒙古大学出版社', '。《饥饿游戏》的故事讲述了北美洲在一场大战后被摧毁，在美国原来的废墟上，人们建立了新的家园，但新政权规定：管辖下的12个地区每年都必须进贡少年男女，参加一档电视直播节目“饥饿游戏\"。', '35.0', '1346124111701.jpg', '10', '5', '0');
INSERT INTO `tb_book` VALUES ('44', '人格的力量', '金波', '中国时代经济出版社', '人格是孩子的非智力品质，是孩子健康、全面成长的关键因素。', '29.8', '1346124175309.jpg', '18', '9', '0');
INSERT INTO `tb_book` VALUES ('45', '文怡拿手家常菜', '文怡', '中国纺织出版社', '汇集了诸多美食栏目的精华，包括“24道从小爱吃的菜”“14道我的私房菜”“15道为厨艺加分的菜”“12道简单的烤箱美味”“14道菌菇大集合”“11道健康田园风味”以及“10道夏日的清凉美食”，它将以最为经典、美味、实用的家常菜系列回馈广大读者。', '19.8', '1346124260559.jpg', '25', '9', '0');
INSERT INTO `tb_book` VALUES ('46', '那些回不去的少年时光', '桐华', '江苏文艺出版社', '青春期的友情叫人唏嘘和心碎，青春期爱情叫人甜蜜又纠结，世纪末的社会如此复杂，叫人难以理清头绪。罗琦琦和她的同学们，就这样孤独而热闹地，混沌而逐渐清醒地成长起来了…… ', '28.0', '1346124369585.jpg', '10', '9', '0');
INSERT INTO `tb_book` VALUES ('47', '金波经典童话', '金波', '少年儿童出版社', '本书是从我国著名童话作家金波先生长期创作的短篇童话作品中精选而来的童话精品集', '18.0', '1346124453880.jpg', '16', '2', '0');
INSERT INTO `tb_book` VALUES ('48', '心灵鸡汤', '杰克·坎菲尔、马克·汉森', '内蒙古大学出版社', '是世界上最畅销的系列读物之一，以其简短、精炼的语言为读者讲述了一个个充满哲理的小故事。', '50.0', '1346124531851.jpg', '10', '3', '0');
INSERT INTO `tb_book` VALUES ('49', '大胆尝试', '佚名', '吉林出版集团有限责任公司', '自1949年10月1日中华人民共和国成立至今，新中国已走过了60年的风雨历程。', '50.0', '1346124630262.jpg', '10', '9', '0');
INSERT INTO `tb_book` VALUES ('50', '人民语录', '左手', '华文出版社', '不要以为名人就是智者；不要以为权威就是真理；', '12.0', '1346124698432.jpg', '15', '3', '0');
INSERT INTO `tb_book` VALUES ('51', '成功尝试', '王治国', '吉林出版集团有限责任公司', '《共和国故事》内容涵盖广泛，涉及政治、经济、思想文化、社会、军事、科技、教育、政策、外交、民生等方面。', '18.0', '1346124801020.jpg', '15', '9', '0');
INSERT INTO `tb_book` VALUES ('52', '蒋经国传', '陶涵 ', '华文出版社 ', '蒋介石 的儿子，蒋友柏 的爷爷，邓小平 的同学的 蒋经国，影响台湾地区几十年，这位集中国宫廷、俄罗斯共产主义、美国民主价值、台湾本土经验四种文化于一身的谜样人物，究竟有着怎样的魅力和经历？', '42.0', '1346124980182.jpg', '15', '8', '0');
INSERT INTO `tb_book` VALUES ('53', '无人区', '宁浩', '内蒙古大学', '　男主角开车去西部，在路上不断遇到形形色色的人，从而引发许多故事；故事背后，人的动物属性和社会属性相互斗争等深层主题，都会在“公路”上演绎出来。', '35.0', '1346125069229.jpg', '12', '4', '0');
INSERT INTO `tb_book` VALUES ('54', '藏地密码2', '何马', '重庆出版社', '藏地密码2》是一部户外爱好者的圣经！翻开《藏地密码2》，何马将带你穿越亚马逊丛林，探寻藏传佛教遗失珍宝……即使你没有读过《藏地密码1》，依然不影响你直接读《藏地密码2》！', '28.0', '1346125141640.jpg', '15', '5', '0');
INSERT INTO `tb_book` VALUES ('55', '云中歌', '桐华', '作家出版社', '无垠的金色沙海，雪白的天山骆驼，我穿着绿罗裙，明眸浅笑，千山万水的祈祷，不为这一世的相守，只为来世的相逢…… ', '35.0', '1346125240226.jpg', '12', '4', '0');
INSERT INTO `tb_book` VALUES ('56', '宝宝智能训练方案', '林怡', '中国少年儿童出版社', '神经科学的研究发现，人脑细胞具有异乎寻常的增生能力，遗传进程为个体感知、运动、思维发展提供充足的细胞，以保证适应复杂环境的需要。如果环境刺激贫乏，大脑的许多细胞就会发育废止，不再生长。如果环境刺激丰富，神经细胞就会得到充分利用并获得更显著的发展。 ', '20.0', '1346125329834.jpg', '50', '3', '0');
INSERT INTO `tb_book` VALUES ('57', '塔顶上的猫', '杨红樱', '作家出版社', '　翠湖公园里有一座美丽的白塔。伴着第一缕春风，一只美丽的虎皮猫突然出现在塔顶。这惹怒了一群著名的“资格猫”，他们都上不去的地方，决不允许别的猫爬上去！他们开会咒骂，愤怒地游行……这些疯狂的行为，受到了老老鼠的嘲弄，让公园里的老鼠们乐翻了天。这真是一个热闹好笑而又令我忧伤的春天……。[', '35.0', '1346125429278.jpg', '50', '7', '0');
INSERT INTO `tb_book` VALUES ('58', '凭什么让学生爱上你', '苏静', '青岛教育出版社', '做老师的凭什么让学生对你亲近有加？凭什么让学生信你所传之“道”？怎样才能收服每一个或善感、或叛逆，或懵懂莽撞、或桀骜不驯的学生的心？怎样才能真正获得学生的佩服、信服、折服、心服口服？', '35.0', '1346125525205.jpg', '20', '3', '0');
INSERT INTO `tb_book` VALUES ('59', '酥油', '江觉迟', '甘肃人民美术出版社', '梅朵如此拼命却面对如此变故，她面对茫茫荒原，该何去何从？而月光到底是继续去尼泊尔闭关修行还是留下？那个仙境的峡谷能否如愿修通大路，建立学校？梅朵的身体还能在高原坚守吗？', '50.0', '1346125639790.jpg', '40', '8', '0');
INSERT INTO `tb_book` VALUES ('60', '想变成人的猴子', '杨红缨', '作家出版社', '马小跳的表妹杜真子有一只猫，他会笑。还记得吗？用梦想温暖童年，用智慧点亮童心。这些从严冬写到金秋的故事，犹如温暖童年的“心灵鸡汤”，犹如陪伴你成长的“心情宝典”。', '35.0', '1346125704620.jpg', '10', '2', '0');
INSERT INTO `tb_book` VALUES ('61', '被时光掩埋的秘密', '桐华', '朝华出版社', '大龄剩女、外企“白骨精”苏蔓在一次相亲中遇见了自己暗恋多年的清华才子宋翊。为了接近宋翊，苏蔓不惜放弃自己的大好前程，并篡改了简历，来到MG的格子间工作。 ', '28.0', '1346125871958.jpg', '30', '4', '0');
INSERT INTO `tb_book` VALUES ('62', '巧厨娘', '蝶儿', '青岛出版社', '《巧厨娘妙手烘焙》是一本专门为烘焙爱好者打造的零起点图书，由搜狐名博主圆猪猪和青岛出版社美食生活工作室联合倾力打造，图片精美，教授详实，带您走入美妙魔幻的烘焙世界。', '35.0', '1346131892947.jpg', '20', '7', '0');
INSERT INTO `tb_book` VALUES ('63', '我们始终牵手旅行', ' 左手/著 / 张千里/摄', '光明日报出版社', '认识27年，恋爱11年，结婚8年，自助旅行10年，23个国家，十几万张照片，几十万文字…… 　　他们青梅竹马，万水千山。 　　他们双手紧握，边走边爱。 　　爱情迟早褪去激情，唯有我们始终牵手旅行。', '30.0', '1346138088443.jpg', '20', '7', '0');
INSERT INTO `tb_book` VALUES ('64', '赌球记', '孔二狗', '南海出版公司', '曾因赌球输到差点自杀的二狗，与昔日身价千万的赌球大庄家老刀相遇的时候，后者已经倾家荡产。老刀曾说：没有杀人的心，当不了好庄家！多年来，老刀打着棋牌俱乐部的幌子，带着大学生黄飞、要债鬼老鹰等一干兄弟，诱使几百位有钱人在网络赌球场厮杀，致使身家过亿的地产老总、手持几十套房产的炒房天才、聪明阔绰的富家美女等各路赌徒家破人亡', '20.0', '1346138595318.jpg', '20', '7', '0');
INSERT INTO `tb_book` VALUES ('65', '快乐的人生', '卡耐基', '汕头大学出版社', '卡耐基最具影响力的书籍之一——《人性的优点》的续集。不同之外在于，《人性的优点》主要告诉人们克服忧虑的一些基本原则，《快乐的人生》则更多地是指导人们如何获得快乐。 ', '20.0', '1346138697620.jpg', '20', '1', '0');
INSERT INTO `tb_book` VALUES ('66', '无人区', '冷海', '时代文艺出版社 ', '《无人区:热血1939》中的杨国威本是一个纯真瘦弱的孩童，亲眼看着自己的父母死在日军的刺刀之下；长大后，带着染血的残月刀在阿里山的日本神社愤怒地收割生命；隐姓埋名混进日军第66加藤混成旅团，只是简单地认为这样能杀更多的鬼子；辗转来到了无人区，参加了八路军猛虎独立团，在这片渺无人烟的焦土上用正义和大刀捍卫着失落的家园。', '20.0', '1346138794596.jpg', '20', '1', '0');
INSERT INTO `tb_book` VALUES ('67', '人格的力量', '金波', '中国时代经济出版社', '　　人格是孩子的非智力品质，是孩子健康、全面成长的关键因素。人品好的人受人尊重，正直的人人格高尚，善良的人赢得称赞，诚实的人值得信赖，讲信用的人人缘好，懂得宽容的人赢得朋友，自强的人能成就大业，自律的人行为端正，有气节的人道德完美，心态好的人心情愉快，活出尊严才能活得精彩……本书从以上十一个方面入手，为培养一个人格健全的孩子奉上一份励志大餐，有故事，有评点，让孩子通过精彩故事，体悟人生哲理。', '50.0', '1346138860882.jpg', '22', '8', '0');
INSERT INTO `tb_book` VALUES ('68', '大漠图腾', '何马', '中国友谊出版公司', '对于绝大多数人来说，人生就像一场在沙漠里的负重远行。人们背负着各自的命运和疑问，一路行来。有些人如骆驼，承担万重，顽强忍耐，最终找到自己的绿洲，但更多的人，却因天性的懦弱和不坚持而埋身沙海！个人的命运如此，国家、民族的命运亦然——大漠中的骆驼是一种象征，是一种正在渐渐抛离现代人的人性之精神图腾……', '30.0', '1346138944974.jpg', '22', '1', '0');
INSERT INTO `tb_book` VALUES ('69', '酥油', '江觉迟', '读者出版集团甘肃人民美术出版社', '酥油是藏族食品之精华，高原人离不了它', '45.0', '1346139173740.jpg', '22', '1', '0');
INSERT INTO `tb_book` VALUES ('70', '爱因斯坦信上帝吗？', '方舟子', '广西科学技术出版社', '《爱因斯坦信上帝吗？(方舟子解读科学史著名谜团)》为热爱科学、追求真理的人们揭开科学史上著名人物、著名事件背后鲜为人知的真相！达尔文晚年并未抛弃进化论、改信基督教，那只是一个传教士编造的谣言！', '44.0', '1346139321532.jpg', '33', '10', '0');
INSERT INTO `tb_book` VALUES ('71', '大胆尝试', '未知', '吉林出版集团有限责任公司', '《大胆尝试(上海证券交易所开始营业)》主要内容简介：自1949年10月1日中华人民共和国成立至今，新中国已走过了60年的风雨历程。历史是一面镜子，我们可以从多视角、多侧面对其进行解读。然而有一点是可以肯定的，那就是，半个多世纪以来，在中国共产党的领导下，中国的政治、经济、军事、外交、文化、教育、科技、社会、民生等领域，都发生了深刻的变化，中国人民站起来了，中华民族已屹立于世界民族之林。60年是短暂的，但这60年带给中国的却是极不平凡的。60年的神州大地经历了沧桑巨变。', '55.0', '1346139393796.jpg', '43', '1', '0');
INSERT INTO `tb_book` VALUES ('72', '从台北到北京', '宫铃', '台北出版社', '台湾，在地图上遥远，书里很近；在影像间熟悉，却始终更像个传说。她明明白白存在，又清清楚楚地不同。她与大陆就像一个原点的两条射线，已在渐行渐远的轨道中走过了太多不同的风景。失却相同乳汁的同胞，还能否仅靠着血脉的连接亲切如初？剥除了好奇和想当然的猜测，我们究竟用过多少心力和情感，去贴近她的心跳呢？ ', '30.0', '1346139508595.jpg', '30', '1', '0');
INSERT INTO `tb_book` VALUES ('73', '生活可以这样过', '亚历山大', '未知', '　　正确的幸福观念认为，一个人的幸福与否，并不取决于他积攒了多少钱和拥有多少物质上的东婀。只有有了正确的观念以及在这种正确观念指导下的正确态度和正确行动，人们才可以谈论关于幸福或者是富有的问题。 ', '80.0', '1346139587168.jpg', '20', '1', '0');
INSERT INTO `tb_book` VALUES ('74', '臧海花', '南派三叔', '未知', '　南派三叔继《盗墓笔记》之后又一力作，盗墓笔记8大结局之后5年的故事。一部独属\"闷油瓶”的传奇。在西藏墨脱，在雪山之巅，一切，从一座喇嘛庙开始。那个年轻人，身怀秘密，自雪山而来。  \r\n', '33.0', '1346139791033.jpg', '22', '1', '0');
INSERT INTO `tb_book` VALUES ('75', '心灵鸡汤', '杰克·坎菲尔、马克·汉森', '中国城市出版社', '《心灵鸡汤》杰克·坎菲尔、马克·汉森创作。是世界上最畅销的系列读物之一，以其简短、精炼的语言为读者讲述了一个个充满哲理的小故事。作者选文一直遵照的准则为：以浅显的语言表达着人间真情；以至深的情感述说着五彩人生；在每一个角落把真情的火炬点燃；让每一缕清香在尘世间流传；让真情在心灵的碰撞中凝固成永恒。 后泛指有益于精神或心理的充满哲理的小故事。\r\n', '52.0', '1346139863544.jpg', '22', '1', '0');
INSERT INTO `tb_book` VALUES ('76', '瞧这群俏丫头', '杨红樱', ' 明天出版社', '　　《瞧,这群俏丫头》(杨红樱作品珍藏版)中，杨红樱娓娓讲述了四个性格迥异的女孩儿的系列故事。她们是：美丽大方的夏林果、聪明泼辣的路曼曼、憨实善良的安琪儿、风风火火的杜真子。她们时而兴高采烈、时而敏感脆弱、时而异想天开……作者用幽默的笔触，勾画出小女孩们在成长过程中美丽的心灵影像。期待着小读者们在快乐和令人感动的故事中，学会面对困境，学会在被爱中关怀别人，学会从幼稚渐渐走向成熟。', '41.0', '1346139947051.jpg', '22', '1', '0');
INSERT INTO `tb_book` VALUES ('77', '未来是湿的', '克莱·舍基 ', '中国人民大学出版社 ', '一位妇女丢掉了手机，但征召了一群志愿者将其从盗窃者手中夺回。一个旅客在乘坐飞机时领受恶劣服务，她通过自己的博客发动了一场全民运动。在伦敦地铁爆炸案和印度洋海啸中，公民们用可拍照手机提供了比摄影记者更完备的记录。世界上最大的百科全书是由管理甚少的参与者们撰写的……', '55.0', '1346140024087.jpg', '33', '1', '0');
INSERT INTO `tb_book` VALUES ('78', '黑白卡', '苏杰', '湖北长江出版集团', '　《视觉联想卡:黑白卡》内容简介：视觉联想卡，激发右脑想象力与创造力刺激视神经，提高视觉观察力和思维创造力卡片正面图形轮廓鲜明，图案抽象生动，为宝宝提供良好的联想基础。名称点明图片的主体。列举从卡片正面图形联想到的其他事物，打开宝宝的联想思路。明确每张卡片的训练目的，让训练更有针对性', '3.0', '1346140332088.jpg', '22', '1', '0');
INSERT INTO `tb_book` VALUES ('79', '黄河鬼棺', '南派三叔', '文汇出版社', '《黄河鬼棺》是一部我个人珍藏许久的书稿，是我第一次尝试以一种特别的角度来创作的盗墓题材作品，也是我第一本以“全身心投入”的态度完成的作品，写作过程艰辛而令人回味，期间我无数次地推翻重写。这本书与《盗墓笔记》比起来，在创作地历程以及构思上都有着很大的突破，如果说《盗墓笔记》是写一个盗墓人的成长的话，那么《黄河鬼棺》则就是高智商商人盗墓的经历。所以《黄河鬼棺》在情节设定和任务设定上有着相当程度的创新，整个事故悬念不断。 ', '55.0', '1346140432524.jpg', '33', '1', '0');
INSERT INTO `tb_book` VALUES ('80', '我叫刘跃进', '刘震云', '长江文艺出版社', '刘跃进是北京某建筑工地的民工，上街时他的包被人抢了，里面装着他全部财产。找包的过程中，他又捡到一个包，这个包里藏着天大的秘密，牵涉到上流社会的几条人命。于是几拨找这个包的人马，又开始找刘跃进…… ', '25.0', '1346140568083.jpg', '25', '1', '0');
INSERT INTO `tb_book` VALUES ('81', '人民语录', '左手', '华文出版社 ', '　不要以为名人就是智者；不要以为权威就是真理； 　　“从群众中来，到群众中去”的公民言语，才能撞击你的心肺 　　反映当代中国人政治社会生活的智慧箴言 　　风行京城官员案头，时时警醒、理性执政的自省书 　　在职高级官员撷取民众智慧、精粹宦海之道的案头书 ', '24.0', '1346140704060.jpg', '22', '1', '0');
INSERT INTO `tb_book` VALUES ('82', '寻找生命的逻辑', '方舟子', '上海交通大学出版社', '　本书系统地介绍和总了现代生物学的历史，着重于现代生物学的三门核心学科：进化生物学、遗传学和发育生物学，围绕着现代生物学的主要观念，特别是进化、遗传和发育等观念的诞生、发展、深化和统一而展开，对生物学历史上的重要人物、事件、争议作了回顾和评价，书后介绍和展望了生物学的新进展。', '33.0', '1346140799699.jpg', '22', '1', '0');
INSERT INTO `tb_book` VALUES ('83', '华尔街回忆录', '亨利·克卢斯', '中国友谊出版公司', '一次金融风暴几乎搞垮全球经济，华尔街魔力从何而来？ 　　是谁奠定了现代金融格局？是谁引导了美国崛起？是谁在创造和毁灭财富？是谁在操纵全球经济？ 　　华尔街金融史巅峰之作！见证最残酷的金融搏杀，历数华尔街最不朽的传奇！ 　　《商业周刊》、沃伦·巴菲特一致推荐！', '55.0', '1346140891563.jpg', '22', '1', '0');
INSERT INTO `tb_book` VALUES ('84', '正能量', '理查德·怀斯曼 ', '湖南文艺出版社  ', '《正能量》是一本排除负面情绪、传递正向能量的心灵成长之书！ ', '44.0', '1346140979009.jpg', '22', '1', '0');
INSERT INTO `tb_book` VALUES ('85', '江山无限', '　龙德发', '湖南科学技术出版社', '《江山无限(龙德发艺术风光摄影作品集)》内容简介：艺术风光摄影追求天地自然美的极致。让人们在欣赏大自然的美中获得心灵的享受和精神的慰藉。摄影是感观与精神的瞬间运作，是现实世界认知和内在世界认知的双向互动。全身心追求的是摄影的全过程，而不是结果。要敢于突破禁忌，要超越自我。用孩童般的眼光抓住曾经存在而又不可重复的惊奇永恒。 ', '44.0', '1346141060668.jpg', '22', '1', '0');
INSERT INTO `tb_book` VALUES ('86', '手机', '刘震云', '长江文艺出版社', '手机》是一部关于人们日常“说话”的小说。据作者统计，人从早上睁开眼睛，到晚上闭上眼睛，要说三千多句话。如果有人夜里说梦话，还得再加上三十多句。在这部小说中有许多嘴，有人不爱说话，有人在说假话，有人在说傻话，有人在说实话，有人是话中有话。主人公严守一是一个以“说话”为生的人，在电视台主持节目。他的节目以说真话见长，但在日常生活中，他不由自主开始说谎话。当谎话和手机连在一起时，手机就变成了手雷。本小说已被冯小刚改编成同名贺岁电影。', '33.0', '1346141183120.jpg', '22', '1', '0');
INSERT INTO `tb_book` VALUES ('87', '别以为你会教孩子', '王楠 ', '中国长安出版社', '父母最愿意看到的是孩子一天天健康成长，一天天出息能干，但是却很少关注孩子的成长过程，很少关注对孩子的科学教育。 ', '77.0', '1346141276926.jpg', '22', '1', '0');
INSERT INTO `tb_book` VALUES ('88', '花开半夏', ' 九夜茴', '东方出版社', '《花开半夏》不是板着脸孔的说教类小说，主角爱的悲恸，命的无常，性的懦弱，法的桎梏，恶的救赎，都发生在少年犯身上，震撼读者的心扉。 ', '33.0', '1346141403328.jpg', '22', '1', '0');
INSERT INTO `tb_book` VALUES ('89', '瞧这帮坏小子', '杨红樱', '明天出版社 ', '　这是一本轻松、幽默的校园系列故事集。在本书中，杨红樱再次用她鲜活灵动的笔触，讲述了小学校园中一群调皮捣蛋的“坏小子”们的故事，展示出他们蓬勃生长的活力、善良的天性和非凡的勇气。这些故事记录下这群常常被老师和家长“误读”的“坏小子”们真实的内心世界，记录下他们童年的欢乐与委屈。在幽默而温暖的文字背后，是作者“关怀童年”、“把欢乐还给孩子”的深情期待', '33.0', '1346141536606.jpg', '22', '10', '0');
INSERT INTO `tb_book` VALUES ('90', '人人都是产品经理', '苏杰', '电子工业出版社', '这是写给“-1到3岁的产品经理”的书，适合刚入门的产品经理、产品规划师、需求分析师  \r\n，以及对做产品感兴趣的学生，用户体验、市场运营、技术部门的朋友们，特别是互联网、软件行业。作为一名“4岁的产品经理”，作者讲述了过去3年的经历与体会，与前辈们的书不同，本书就像你走到作者身边，说“嗨哥们！晚上有空吃个饭么，随便聊聊做产品的事吧”，然后作者说“好啊”。[', '33.0', '1346141616921.jpg', '44', '10', '0');
INSERT INTO `tb_book` VALUES ('91', '大漠苍狼', '南派三叔', '时代文艺出版社', '南派小说堂会开山巨著！!“', '50.0', '1346141850481.jpg', '35', '4', '0');
INSERT INTO `tb_book` VALUES ('92', '快乐的人生', '卡耐基', '汕头大学出版社', '卡耐基最具影响力的书籍之一——《人性的优点》的续集。不同之外在于，《人性的优点》主要告诉人们克服忧虑的一些基本原则，《快乐的人生》则更多地是指导人们如何获得快乐', '56.0', '1346141950964.jpg', '50', '1', '0');
INSERT INTO `tb_book` VALUES ('93', '我叫刘跃进', '刘震云', '长江文艺出版社', '　刘跃进是北京某建筑工地的民工，上街时他的包被人抢了，里面装着他全部财产。找包的过程中，他又捡到一个包，这个包里藏着天大的秘密，牵涉到上流社会的几条人命。于是几拨找这个包的人马，又开始找刘跃进…… ', '80.0', '1346142044863.jpg', '50', '6', '0');
INSERT INTO `tb_book` VALUES ('94', '半个月亮', '巴赫曼·戈巴迪', '作家出版社', '《半个月亮》（Half Moon）讲述在萨达姆·侯赛因（Saddam Hussein）下台后，伊拉克一位音乐家在寻找他的妻子的途中认识了另一位要去演出的音乐人Mamo和他的儿子。他们结伴同行，但旅行并不顺利。那些在伊朗，伊拉克，和土耳其周围的国境地带痛苦的的游牧生活让他们体验的死亡的危险。 ', '65.0', '1346142134859.jpg', '30', '1', '0');
INSERT INTO `tb_book` VALUES ('95', '华尔街回忆录', '亨利·克卢斯', '中国友谊出版公司', '一次金融风暴几乎搞垮全球经济，华尔街魔力从何而来？ 　　是谁奠定了现代金融格局？是谁引导了美国崛起？是谁在创造和毁灭财富？是谁在操纵全球经济？ 　　华尔街金融史巅峰之作！见证最残酷的金融搏杀，历数华尔街最不朽的传奇！ 　　《商业周刊》、沃伦·巴菲特一致推荐！', '53.0', '1346142217206.jpg', '15', '10', '0');
INSERT INTO `tb_book` VALUES ('96', '幸福的小土豆', '塞杰斯　编文', '儿童出版社', '走进幸福村　敲响幸福门 　　幸福开门了，来认识一下幸福村的村民吧!、 ', '35.0', '1346142322456.jpg', '20', '6', '0');
INSERT INTO `tb_book` VALUES ('97', '江山无限', '方舟子', '内蒙古大学出版社', '无。', '35.0', '1346142463325.jpg', '20', '7', '0');
INSERT INTO `tb_book` VALUES ('98', '瞧，这帮坏小子', '杨红樱', '明天出版社 ', '这是一本轻松、幽默的校园系列故事集。在本书中，杨红樱再次用她鲜活灵动的笔触，讲述了小学校园中一群调皮捣蛋的“坏小子”们的故事，展示出他们蓬勃生长的活力、善良的天性和非凡的勇气。', '56.0', '1346142549363.jpg', '50', '6', '0');
INSERT INTO `tb_book` VALUES ('99', '生物学观念的发展', '方舟子', '上海交通大学出版社', '　本书系统地介绍和总了现代生物学的历史，着重于现代生物学的三门核心学科：进化生物学、遗传学和发育生物学，围绕着现代生物学的主要观念，特别是进化、遗传和发育等观念的诞生、发展、深化和统一而展开，对生物学历史上的重要人物、事件、争议作了回顾和评价，书后介绍和展望了生物学的新进展', '20.0', '1346142659489.jpg', '100', '3', '0');
INSERT INTO `tb_book` VALUES ('100', '手机', '刘震云', '长江文艺出版社', '《手机》是一部关于人们日常“说话”的小说', '25.0', '1346142758298.jpg', '50', '5', '0');
INSERT INTO `tb_book` VALUES ('101', '马克思主义创新30年', '侯惠勤', '中国社会科学出版社', '本书以改革开放这一决定当代中国命运的历史选择为主线，以改革开放30年来马克思主义中国化在科学继承马克思主义基本原则方面的新认识、对国内外社会主义实践经验教训的新总结、对国际形势和时代特征的新定位以及对中国最广大人民群众根本利益和共同愿望的新把握', '56.0', '1346143272429.png', '23', '6', '0');
INSERT INTO `tb_book` VALUES ('102', '晋书斠注 全两册精', '房玄龄', '中华书局', '晋书斠注》系浙江钱塘吴士鉴所著，共一百三十卷。此书是《晋书》注本中最完备者，为集注体，汇集各家旧晋书佚文，和清代学者卢文弨、钱大昕、王鸣盛、赵翼、洪颐煊、张熷等诸家校勘及考订成果，凡前人有关《晋书》的资料、议论、校语尽量收入，引书三百二十余种，前后二十余年，用力甚勤。', '500.0', '1346143425988.png', '25', '11', '0');
INSERT INTO `tb_book` VALUES ('103', '中华成语典故', '墨人 主编', '中国戏剧出版社', '成语是我国灿烂文化宝库中一颗璀璨的明珠。它具有渊源的历史和丰富的内涵，是中华民族五千年文明史的智慧结晶、语言精华。历经漫长的岁月变迁，在浩如烟海的历史典籍申，在劳动人民的口耳相传中，成语不断地产生、发展和演变，逐步走向成熟，成为传承中华文明的重要纽带。', '68.0', '1346143555132.png', '25', '1', '0');
INSERT INTO `tb_book` VALUES ('104', '《中国儿童百科全书拼音版》', '龚莉 等主编', '中国大百科全书出版社', '什么是好问题，孩子自己的问题，孩子渴望知道的问题，孩子观察生活时想一想提出的问题，别的孩子想不到的问题。\r\n本书是：新闻出版部署向全国青少年推荐的百种优秀图书之一，新闻出版部署评选的“三个一百”原创图书之一', '65.0', '1346143687776.png', '23', '11', '0');
INSERT INTO `tb_book` VALUES ('105', '二十四史', '司马迁 撰', '中华书局', '本套书为繁体竖排缩印本。\r\n历史，记载着一个国家，民族产生和发展的全部过程，涵纳着这一国家、民族的精神财富和智慧，昭示着这一国家、民族兴衰更替的客观规律。历史及其研究，不仅涉及历史人物、政治派别功过是非的评定，而且事关国运兴衰。学习、研究和编修历史对于民族、国家和个人都具有重大的现实意义。', '1500.0', '1346143812609.png', '20', '11', '0');
INSERT INTO `tb_book` VALUES ('106', '网球王子套装', '许斐刚', '连环画出版社', '网球王子》是一部以青春学园国中部为主体，其网球社之社员努力于网球这项运动，以夺得全国冠军为目标，奋力挥洒出一页页令人热血沸腾的故事。主角越前龙马是个曾在美国夺得青少年网球四连霸的网球高手，惯用左手，故事就从龙马进入青学之后，正式拉开了序幕', '263.0', '1346143928016.png', '100', '11', '0');
INSERT INTO `tb_book` VALUES ('107', '飞花溅玉录(全2册)', '八大 ', '大众文艺出版社', '只为一支歌，血染红寂寞；只为一场梦，破碎了山河；只为一颗心，弹落尽相思；只为一滴泪，模糊了恩仇。\r\n一曲要用天籁来吟唱的爱情乐章。\r\n', '50.0', '1346144062352.png', '20', '11', '0');
INSERT INTO `tb_book` VALUES ('108', '中国成语故事', '上海人民美术出版社 ', '上海人民美术出版社 ', '一是对6000余条脚本文字全部进行审订。延请语词专家陈福畴、董福光先生对文稿一一审读修改。尤其文稿内容的词目释文部分，在仔细核对和删补后，释文质量又有明显提高，保证了该书助学工具书的能力的提升。责任编辑们又对脚本文字逐字审订和重新编排正文格式，为整理再版打下良好的基础。\r\n', '250.0', '1346144248263.png', '82', '1', '0');
INSERT INTO `tb_book` VALUES ('109', '文白对照全译资治通鉴', '司马光', '新世界出版社', '中文世界第一部白话全译本。台湾著名学人黄锦鋐主编，台湾二十七位教授学者合译。译文贴近原著，尽得信达雅之要义。译者在翻译时力图贴近、还原《资治通鉴》，译文紧贴原著，逐字逐译，不以“现代眼光”作解人，不擅作发挥，旨在让读者能读到一个“干干净净的《资治通鉴》，干干净净的司马君实”。以拙御巧，看似笨工夫，实为巧办法。\r\n', '78.0', '1346144351466.png', '40', '1', '0');
INSERT INTO `tb_book` VALUES ('110', '西方都市文化研究读本', '薛毅', '广西师范大学出版社', '本论文集以史学的眼光对西方都市文化的意识形体和文化生产，空间和政治、中产阶级文化、后现代主义、商品与货币、现代性、现代主义、后现代状况、消费社会与文化等一系列问题进行了探索。《西方都市文化研究读本》适合从事相关研究工作的人员参考阅读。', '120.0', '1346144470740.png', '34', '11', '0');

-- ----------------------------
-- Table structure for `tb_bookclass`
-- ----------------------------
DROP TABLE IF EXISTS `tb_bookclass`;
CREATE TABLE `tb_bookclass` (
  `class_id` int(20) NOT NULL auto_increment,
  `class_name` varchar(20) NOT NULL,
  PRIMARY KEY  (`class_id`)
) ENGINE=InnoDB DEFAULT CHARSET=utf8;

-- ----------------------------
-- Records of tb_bookclass
-- ----------------------------
INSERT INTO `tb_bookclass` VALUES ('1', '教科书');
INSERT INTO `tb_bookclass` VALUES ('2', '儿童读物');
INSERT INTO `tb_bookclass` VALUES ('3', '科普读物');
INSERT INTO `tb_bookclass` VALUES ('4', '网络小说');
INSERT INTO `tb_bookclass` VALUES ('5', '悬疑小说');
INSERT INTO `tb_bookclass` VALUES ('6', '动漫 /幽默');
INSERT INTO `tb_bookclass` VALUES ('7', '经济');
INSERT INTO `tb_bookclass` VALUES ('8', '历史');
INSERT INTO `tb_bookclass` VALUES ('9', '生活');
INSERT INTO `tb_bookclass` VALUES ('10', '英文原版书');
INSERT INTO `tb_bookclass` VALUES ('11', '套装书');

-- ----------------------------
-- Table structure for `tb_comment`
-- ----------------------------
DROP TABLE IF EXISTS `tb_comment`;
CREATE TABLE `tb_comment` (
  `comment_id` int(20) NOT NULL auto_increment,
  `book_id` int(20) NOT NULL,
  `user_id` int(20) NOT NULL,
  `content` text NOT NULL,
  `comment_time` varchar(30) default NULL,
  `comment_state` tinyint(4) NOT NULL default '1',
  PRIMARY KEY  (`comment_id`),
  KEY `comment_book_id` (`book_id`),
  KEY `momment_user_id` (`user_id`),
  CONSTRAINT `comment_book_id` FOREIGN KEY (`book_id`) REFERENCES `tb_book` (`book_id`) ON DELETE CASCADE ON UPDATE CASCADE,
  CONSTRAINT `momment_user_id` FOREIGN KEY (`user_id`) REFERENCES `tb_user` (`user_id`) ON DELETE CASCADE ON UPDATE CASCADE
) ENGINE=InnoDB DEFAULT CHARSET=utf8;

-- ----------------------------
-- Records of tb_comment
-- ----------------------------
INSERT INTO `tb_comment` VALUES ('1', '110', '1', 'guagua~~', '2012-08-29 09:14', '1');
INSERT INTO `tb_comment` VALUES ('2', '110', '1', '呱呱', '2012-08-29 09:14', '1');
INSERT INTO `tb_comment` VALUES ('3', '110', '1', '呵呵', '2012-08-29 09:15', '1');
INSERT INTO `tb_comment` VALUES ('4', '105', '4', '呵呵，好书~', '2012-08-29 21:27', '1');
INSERT INTO `tb_comment` VALUES ('5', '106', '4', '神马~~~', '2012-08-29 22:13', '1');
INSERT INTO `tb_comment` VALUES ('6', '110', '4', 'fafafa', '2012-08-30 13:17', '1');
INSERT INTO `tb_comment` VALUES ('7', '110', '4', 'fafafafaf', '2012-08-30 13:17', '1');
INSERT INTO `tb_comment` VALUES ('8', '110', '4', 'fafafafaf', '2012-08-30 13:17', '1');

-- ----------------------------
-- Table structure for `tb_delivery`
-- ----------------------------
DROP TABLE IF EXISTS `tb_delivery`;
CREATE TABLE `tb_delivery` (
  `delivery_id` int(20) NOT NULL auto_increment,
  `user_id` int(20) NOT NULL,
  `delivery_name` varchar(20) NOT NULL,
  `delivery_address` varchar(50) NOT NULL,
  `delivery_phone` varchar(20) NOT NULL,
  `delivery_zipcode` varchar(10) NOT NULL,
  PRIMARY KEY  (`delivery_id`),
  KEY `delivery_user_id` (`user_id`),
  CONSTRAINT `delivery_user_id` FOREIGN KEY (`user_id`) REFERENCES `tb_user` (`user_id`) ON DELETE CASCADE ON UPDATE CASCADE
) ENGINE=InnoDB DEFAULT CHARSET=utf8;

-- ----------------------------
-- Records of tb_delivery
-- ----------------------------
INSERT INTO `tb_delivery` VALUES ('2', '1', '范英明', '内蒙古大学计算机学院', '18686063527', '010021');
INSERT INTO `tb_delivery` VALUES ('3', '1', '赵亚星', '内蒙古大学计算机学院', '15354832789', '010021');
INSERT INTO `tb_delivery` VALUES ('4', '4', '卓青海', '内蒙古大学', '13312341234', '010021');
INSERT INTO `tb_delivery` VALUES ('5', '4', '刘海瑞', '内蒙古大学', '12312344321', '010021');
INSERT INTO `tb_delivery` VALUES ('9', '5', '', '', '', '');
INSERT INTO `tb_delivery` VALUES ('10', '5', '范', '内蒙古大学', '12345', '12345');
INSERT INTO `tb_delivery` VALUES ('11', '7', '1234', '1234', '1234', '1234');

-- ----------------------------
-- Table structure for `tb_favorate`
-- ----------------------------
DROP TABLE IF EXISTS `tb_favorate`;
CREATE TABLE `tb_favorate` (
  `user_id` int(20) NOT NULL,
  `book_id` int(20) NOT NULL,
  PRIMARY KEY  (`user_id`,`book_id`),
  KEY `favorate_book_id` (`book_id`),
  CONSTRAINT `favorate_book_id` FOREIGN KEY (`book_id`) REFERENCES `tb_book` (`book_id`) ON DELETE CASCADE ON UPDATE CASCADE,
  CONSTRAINT `favorate_user_id` FOREIGN KEY (`user_id`) REFERENCES `tb_user` (`user_id`) ON DELETE CASCADE ON UPDATE CASCADE
) ENGINE=InnoDB DEFAULT CHARSET=utf8;

-- ----------------------------
-- Records of tb_favorate
-- ----------------------------
INSERT INTO `tb_favorate` VALUES ('6', '108');
INSERT INTO `tb_favorate` VALUES ('6', '109');

-- ----------------------------
-- Table structure for `tb_indent`
-- ----------------------------
DROP TABLE IF EXISTS `tb_indent`;
CREATE TABLE `tb_indent` (
  `indent_id` int(20) NOT NULL auto_increment,
  `user_id` int(20) NOT NULL,
  `indent_date` varchar(20) NOT NULL,
  `indent_state` tinyint(4) NOT NULL default '1',
  `delivery_id` int(20) NOT NULL,
  `indent_price` double(20,2) default NULL,
  PRIMARY KEY  (`indent_id`),
  KEY `indent_delivery_id` (`delivery_id`),
  KEY `indent_user_id` (`user_id`),
  CONSTRAINT `indent_delivery_id` FOREIGN KEY (`delivery_id`) REFERENCES `tb_delivery` (`delivery_id`) ON DELETE CASCADE ON UPDATE CASCADE,
  CONSTRAINT `indent_user_id` FOREIGN KEY (`user_id`) REFERENCES `tb_user` (`user_id`) ON DELETE CASCADE ON UPDATE CASCADE
) ENGINE=InnoDB DEFAULT CHARSET=utf8 COMMENT='InnoDB free: 3072 kB; (`user_id`) REFER `csbookstore/tb_user';

-- ----------------------------
-- Records of tb_indent
-- ----------------------------
INSERT INTO `tb_indent` VALUES ('12', '1', '2012-08-27 01:00', '5', '2', '28.00');
INSERT INTO `tb_indent` VALUES ('14', '1', '2012-08-27 01:03', '3', '2', '280.00');
INSERT INTO `tb_indent` VALUES ('15', '4', '2012-08-29 18:42', '1', '4', '3000.00');
INSERT INTO `tb_indent` VALUES ('18', '5', '2012-08-30 14:37', '1', '10', '55.00');
INSERT INTO `tb_indent` VALUES ('19', '5', '2012-08-30 14:37', '4', '10', '250.00');
INSERT INTO `tb_indent` VALUES ('20', '5', '2012-08-30 14:37', '4', '10', '58.00');
INSERT INTO `tb_indent` VALUES ('21', '5', '2012-08-30 14:38', '3', '10', '59.00');
INSERT INTO `tb_indent` VALUES ('23', '1', '2012-08-30 14:58', '4', '2', '250.00');
INSERT INTO `tb_indent` VALUES ('24', '1', '2012-08-30 14:59', '4', '2', '78.00');
INSERT INTO `tb_indent` VALUES ('25', '1', '2012-08-30 14:59', '4', '3', '78.00');
INSERT INTO `tb_indent` VALUES ('26', '7', '2012-08-31 11:42', '1', '11', '370.00');

-- ----------------------------
-- Table structure for `tb_indentdetails`
-- ----------------------------
DROP TABLE IF EXISTS `tb_indentdetails`;
CREATE TABLE `tb_indentdetails` (
  `indent_id` int(20) NOT NULL,
  `book_id` int(20) NOT NULL,
  `number` tinyint(4) NOT NULL,
  `price` double NOT NULL,
  PRIMARY KEY  (`book_id`,`indent_id`),
  KEY `indentDetails_indent_id` (`indent_id`),
  CONSTRAINT `indentDetails_book_id` FOREIGN KEY (`book_id`) REFERENCES `tb_book` (`book_id`) ON DELETE CASCADE ON UPDATE CASCADE,
  CONSTRAINT `indentDetails_indent_id` FOREIGN KEY (`indent_id`) REFERENCES `tb_indent` (`indent_id`) ON DELETE CASCADE ON UPDATE CASCADE
) ENGINE=InnoDB DEFAULT CHARSET=utf8 COMMENT='InnoDB free: 3072 kB; (`book_id`) REFER `csbookstore/tb_book';

-- ----------------------------
-- Records of tb_indentdetails
-- ----------------------------
INSERT INTO `tb_indentdetails` VALUES ('18', '1', '1', '55');
INSERT INTO `tb_indentdetails` VALUES ('20', '2', '1', '58');
INSERT INTO `tb_indentdetails` VALUES ('21', '5', '1', '59');
INSERT INTO `tb_indentdetails` VALUES ('15', '105', '2', '1500');
INSERT INTO `tb_indentdetails` VALUES ('19', '108', '1', '250');
INSERT INTO `tb_indentdetails` VALUES ('23', '108', '1', '250');
INSERT INTO `tb_indentdetails` VALUES ('26', '108', '1', '250');
INSERT INTO `tb_indentdetails` VALUES ('24', '109', '1', '78');
INSERT INTO `tb_indentdetails` VALUES ('25', '109', '1', '78');
INSERT INTO `tb_indentdetails` VALUES ('26', '110', '1', '120');

-- ----------------------------
-- Table structure for `tb_user`
-- ----------------------------
DROP TABLE IF EXISTS `tb_user`;
CREATE TABLE `tb_user` (
  `user_id` int(20) NOT NULL auto_increment,
  `user_name` varchar(20) NOT NULL,
  `user_pass` varchar(20) NOT NULL,
  `user_mail` varchar(50) default NULL,
  PRIMARY KEY  (`user_id`)
) ENGINE=InnoDB DEFAULT CHARSET=utf8;

-- ----------------------------
-- Records of tb_user
-- ----------------------------
INSERT INTO `tb_user` VALUES ('1', 'fan', 'fan', 'yingmingfan@foxmail.com');
INSERT INTO `tb_user` VALUES ('2', 'hairui', '123', 'hairui@qq.com');
INSERT INTO `tb_user` VALUES ('3', 'xiangliang', '123456', 'xiangliang@imu.edu.cn');
INSERT INTO `tb_user` VALUES ('4', 'admin', 'admin', 'fanfan@qq.com');
INSERT INTO `tb_user` VALUES ('5', 'fanfan', 'fanfan', 'fanfan@qq.com');
INSERT INTO `tb_user` VALUES ('6', 'fanyingming', '1301508', 'yingmingfan@qq.com');
INSERT INTO `tb_user` VALUES ('7', '123456', '123456', '1049723132@qq.com');
